id	title	authors	year	journal	abstract	doi	pubmedId	arxivId	pdfUrl	tags	researchLineage	articleType	featured	curationStatus	sourceCV	createdAt	updatedAt
3484	Shaping the Glioblastoma Microenvironment to Enhance CAR-NK Immunotherapy	Emily Tang and Jake Y Chen*	2025	Frontiers in Immunology		10.3389/fimmu.2025.1681966				["Bioinformatics","Cancer","Immunology"]		Journal Article	0	VERIFIED		2026-03-30T12:25:47.370+00:00	2026-03-30T12:25:47.370+00:00
3485	GETgene-AI: a framework for prioritizing actionable cancer drug targets	Adrian Gu and Jake Y. Chen*	2025	Frontiers in Systems Biolology		10.3389/fsysb.2025.1649758				["Drug Discovery","AI/ML","Cancer"]		Journal Article	0	VERIFIED		2026-03-30T12:25:47.371+00:00	2026-03-30T12:25:47.371+00:00
3486	Targeting west nile virus replication by xanthine inhibitors	Theresa H. Nguyen, Jessica L. Smith, Shuklendu D. Karyakarte, John P. Tillotson, Sarah C. Sarngadharan, Fuad Al Abir, Jake Y. Chen, Sixue Zhang, Lynn Rasmussen, Robert Bostwick, Alec J. Hirsch, Corinne E. Augelli-Szafran, Ashish K. Pathak, Omar Mouhka-Chafiq	2025	Medicinal Chemistry Research		10.1007/s00044-025-03481-7				["Drug Discovery"]		Journal Article	0	VERIFIED		2026-03-30T12:25:47.372+00:00	2026-03-30T12:25:47.372+00:00
3487	International Consensus on the Use of Continuous Glucose Monitoring	Klonoff DC, Mader JK, Heinemann L, Cobelli C, Kerr D, Kovatchev B, Najafi B, Prahalad P, Zheng Y, Shao MM, Scheideman AF, DuNova AY, Espinoza J, Kohn M, Umpierrez GE, Wong TY, Abdel Malek A, Agus MSD, Ahn DT, AlSaad R, Al-Sofiani ME, Armstrong D, Arnold MA, Bee YM, Bequette BW, Bellazzi R, Cengiz E, Chase JG, Chen H, Chen JY, Cichosz SL, Cinar A, Clements MA, Close KL, Cuadros J, Contreras I, Datta G, Dhatariya K, Doyle FJ III, Drincic A, Facchinetti A, Fleming GA, Foreman J, Gabbay MAL, Gutierrez-Osuna R, Healey E, Hoang TD, Jacobs PG, Kulzer B, La Belle J, Lee AY, Lee CS, Lee WA, Liepmann D, Maahs D, Mathioudakis N, Meo SA, Metwally AA, Misra S, Mohan V, Moon SJ, Raeder H, Rhee C, Rhee EJ, Scheinker D, Shah VN, Sheng B, Snyder MP, Sode K, Spanakis EK, Svensson J, Vaswani N, Vareth M, Vehi J, Wallia A, Waki K, Wang T, Williams E Jr, Wolf RM, Wong JC, Yeshiwas S, Zilbermint M, Shah SN*	2025	Journal of Diabetes Science and Technology						["Bioinformatics"]		Journal Article	0	VERIFIED		2026-03-30T12:25:47.373+00:00	2026-03-30T12:25:47.373+00:00
3488	LlamaAffinity: A Predictive Antibody Antigen Binding Model Integrating Antibody Sequences with Llama3 Backbone Architecture	Delower Hossain, Ehsan Saghapour, Kevin Song, and Jake Y. Chen*	2025	bioRxiv		10.1101/2025.05.28.653051				["AI/ML","Bioinformatics"]		Journal Article	0	VERIFIED		2026-03-30T12:25:47.373+00:00	2026-03-30T12:25:47.373+00:00
3489	LLM Agent Swarm for Hypothesis-Driven Drug Discovery	Kevin Song, Andrew Trotter, Jake Y. Chen*	2025	arXiv				2504.17967		["Drug Discovery","AI/ML"]		Journal Article	0	VERIFIED		2026-03-30T12:25:47.374+00:00	2026-03-30T12:25:47.374+00:00
3490	Integrative multi-scale network simulation for precision drug repurposing with PETS	Kevin Song and Jake Y. Chen*	2025	bioRxiv		10.1101/2025.02.24.639994				["Drug Discovery","Systems Biology","Multi-omics"]		Journal Article	0	VERIFIED		2026-03-30T12:25:47.375+00:00	2026-03-30T12:25:47.375+00:00
3491	GOALS: Gene Ontology Analysis with Layered Shells for Enhanced Functional Insight and Visualization	Zongliang Yue, Robert S. Welner, Christopher D. Willey, Rajesh Amin, and Jake Y. Chen*	2025	bioRxiv		10.1101/2025.04.22.650095				["Knowledge Networks","Visualization"]		Journal Article	0	VERIFIED		2026-03-30T12:25:47.376+00:00	2026-03-30T12:25:47.376+00:00
3492	KinoViz: A User-Friendly Web Application for High-Throughput Kinome Profiling Analysis and Visualization in Cancer Research	Ehsan Saghapour, JC Anderson, Jake Y. Chen, Christopher D. Willey	2025	Research Square		10.21203/rs.3.rs-6431257/v1				["Cancer","Visualization"]		Journal Article	0	VERIFIED		2026-03-30T12:25:47.376+00:00	2026-03-30T12:25:47.376+00:00
3493	Toden-E: Topology-Based and Density-Based Ensembled Clustering for the Development of Super-PAG in Functional Genomics using PAG Network and LLM	Li Q, Nichols C, Welner RS, Jake Y. Chen, Ku WS, Yue Z	2025	bioRxiv		10.1101/2024.10.20.619308				["AI/ML","Bioinformatics","Systems Biology","Multi-omics"]		Journal Article	0	VERIFIED		2026-03-30T12:25:47.377+00:00	2026-03-30T12:25:47.377+00:00
3494	AI-Driven Network Biology Identifies SRC as a Therapeutic Target in Metastatic Pancreatic Adenocarcinoma	Ayla Zhang and Jake Y. Chen*	2025	Intelligent Oncology		10.1016/j.intonc.2025.06.004				["Drug Discovery","AI/ML","Systems Biology","Cancer"]		Journal Article	0	VERIFIED		2026-03-30T12:25:47.380+00:00	2026-03-30T12:25:47.380+00:00
3495	High-throughput screening for the identification of dual inhibitors of BRD4 and RIPK3 toward the development of small-molecule medical countermeasure agents against arsenicals	Yatchang MF, Zhai L, Moukha-Chafiq O, Mathew B, Abir FA, Zhang S, Ruiz P, McKellip S, Nebane M, Jake Y. Chen, Agarwal A, Bostwick JR, Suto MJ, Athar M, Augelli-Szafran CE	2025	SLAS Discovery		10.1016/j.slasd.2025.100247				["Drug Discovery"]		Journal Article	0	VERIFIED		2026-03-30T12:25:47.381+00:00	2026-03-30T12:25:47.381+00:00
3496	Temporal GeneTerrain: Advancing Precision Medicine Through Dynamic Gene Expression Visualization	Ehsan Saghapour, Rahul Sharma , Delower Hossain, Kevin Song, Zhandos Sembay, and Jake Y Chen*	2025	Frontiers in Bioinformatics		10.3389/fbinf.2025.1602850				["Bioinformatics","Precision Medicine","Visualization"]		Journal Article	0	VERIFIED		2026-03-30T12:25:47.382+00:00	2026-03-30T12:25:47.382+00:00
3497	NeSyDPP4-QSAR: Discovering DPP-4 Inhibitors for Diabetes Treatment with a Neuro-symbolic AI Approach	Delower Hossain, Ehsan Saghapour, and Jake Y. Chen*	2025	Frontiers in Bioinformatics		10.3389/fbinf.2025.1603133				["Drug Discovery","AI/ML","Bioinformatics"]		Journal Article	0	VERIFIED		2026-03-30T12:25:47.382+00:00	2026-03-30T12:25:47.382+00:00
3498	A Study on Neuro-Symbolic Artificial Intelligence: Healthcare Perspectives	Delower Hossain and Jake Y. Chen*	2025	arXiv				2503.18213		["AI/ML"]		Journal Article	0	VERIFIED		2026-03-30T12:25:47.383+00:00	2026-03-30T12:25:47.383+00:00
3499	A Hybrid Chaos-Based Cryptographic Framework for Post-Quantum Secure Communications	Kevin Song, Noorullah Imran, Jake Y. Chen, Allan C. Dobbins	2025	arXiv				2504.08618		["Systems Biology"]		Journal Article	0	VERIFIED		2026-03-30T12:25:47.384+00:00	2026-03-30T12:25:47.384+00:00
3500	MLPA: A Multi-scale Digital Twin Framework for Personalized Cancer Simulation and Treatment Optimization	James Gu and Jake Y. Chen*	2024	bioRxiv		10.1101/2024.09.13.612988				["Precision Medicine","Cancer"]		Journal Article	0	VERIFIED		2026-03-30T12:25:47.384+00:00	2026-03-30T12:25:47.384+00:00
3501	Mondrian Abstraction and Language Model Embeddings for Differential Pathway Analysis	Fuad Al Abir and Jake Y. Chen*	2024	bioRxiv		10.1101/2024.04.11.589093				["AI/ML","Systems Biology","Visualization"]		Journal Article	0	VERIFIED		2026-03-30T12:25:47.385+00:00	2026-03-30T12:25:47.385+00:00
3502	Cell Maps for Artificial Intelligence: AI-Ready Maps of Human Cell Architecture from Disease-Relevant Cell Lines	Clark T, Mohan J, Schaffer L, Obernier K, Al Manir S, Churas CP, Dailamy A, Doctor Y, Forget A, Hansen JN, Hu M, Lenkiewicz J, Levinson MA, Marquez C, Nourreddine S, Niestroy J, Pratt D, Qian G, Thaker S, Bélisle-Pipon JC, Brandt C, Jake Chen, Ding Y, Fodeh S, Krogan N, Lundberg E, Mali P, Payne-Foster P, Ratcliffe S, Ravitsky V, Sali A, Schulz W, Ideker T	2024	bioRxiv		10.1101/2024.05.21.589311				["AI/ML","Immunology"]		Journal Article	0	VERIFIED		2026-03-30T12:25:47.385+00:00	2026-03-30T12:25:47.385+00:00
3503	Pharmacogenomics of Coronary Artery Response to Intravenous Gamma Globulin in Kawasaki Disease	Sadeep Shrestha, Howard Wiener, Sabrina Chowdhury, Hidemi Kajimoto, Vinodh Srinivasasainagendra, Olga Mamaeva, Ujval Brahmbhatt, Dolena Ledee, Yung Lau, Luz Padilla, Jake Chen, Nagib Dahdah, Hemant Tiwari, and Michael Portman	2024	npj Genomic Medicine		10.1038/s41525-024-00419-7				["Bioinformatics","Multi-omics"]		Journal Article	0	VERIFIED		2026-03-30T12:25:47.386+00:00	2026-03-30T12:25:47.386+00:00
3504	An NLP-based Technique to Extract Meaningful Features from Drug SMILES	Rahul Sharma, Ehsan Saghapour, and Jake Y. Chen*	2024	iScience		10.1016/j.isci.2024.109127				["Drug Discovery","AI/ML"]		Journal Article	0	VERIFIED		2026-03-30T12:25:47.387+00:00	2026-03-30T12:25:47.387+00:00
3505	PAGER-scFGA: Unveiling Cell Functions and Molecular Mechanisms in Cell Trajectories through Single-Cell Functional Genomics Analysis	Fengyuan Huang, Robert Welner, Jake Y Chen*, and Zongliang Yue*	2024	Frontiers in Bioinformatics		10.3389/fbinf.2024.1336135				["Bioinformatics","Knowledge Networks","Multi-omics"]		Journal Article	0	VERIFIED		2026-03-30T12:25:47.387+00:00	2026-03-30T12:25:47.387+00:00
3506	Pharmacogenomics of intravenous immunoglobulin response in Kawasaki disease	Sadeep Shrestha, Howard Wiener, Hidemi Kajimoto, Vinodh Srinivasasainagendra, Dolena Ledee, Sabrina Chowdhury, Jinhong Cui, Jake Y. Chen, Mikayla Beckley, Luz Padilla, Nagib Dahdah, Hemant Tiwari, and Michael Portman	2024	Frontiers in Immunology		10.3389/fimmu.2023.1287094				["Bioinformatics","Multi-omics","Immunology"]		Journal Article	0	VERIFIED		2026-03-30T12:25:47.388+00:00	2026-03-30T12:25:47.388+00:00
3507	Photo-neuro-immuno-endocrinology: how the Ultraviolet Radiation Regulates the Body, Mind, and Immune System	Radomir M. Slominski, Jake Y. Chen, Chander Raman, Andrzej Slominski	2024	Proceedings of the National Academy of Sciences		10.1073/pnas.2308374121				["Immunology"]		Journal Article	0	VERIFIED		2026-03-30T12:25:47.388+00:00	2026-03-30T12:25:47.388+00:00
3508	Prioritizing Complex Disease Genes from Heterogeneous Public Databases	Eric Gong and Jake Y. Chen*	2023	Biomedical Sciences Instrumentation		10.1101/2023.02.09.527562				["Knowledge Networks"]		Journal Article	0	VERIFIED		2026-03-30T12:25:47.389+00:00	2026-03-30T12:25:47.389+00:00
3509	Analysis of Cardiac Single-cell RNA-sequencing Data Can be Improved by the Use of Artificial-Intelligence-based Tools	Thanh Nguyen, Yuhua Wei, Yuji Nakada, Jake Y Chen, Yang Zhou, Gregory Walcott, and Jianyi Zhang*	2023	Scientific Reports		10.1038/s41598-023-32293-1				["Bioinformatics"]		Journal Article	0	VERIFIED		2026-03-30T12:25:47.389+00:00	2026-03-30T12:25:47.389+00:00
3510	Biological Network Mining	Zongliang Yue*, Da Yan*, Guimu Guo, and Jake Y. Chen	2023	Biostatistics Research						["Systems Biology"]		Journal Article	0	VERIFIED		2026-03-30T12:25:47.390+00:00	2026-03-30T12:25:47.390+00:00
3511	How Cancer Hijacks the Body’s Homeostasis through the Neuroendocrine System and Why	Radomir M. Slominski, Chander Raman, Jake Y. Chen, and Andrzej T. Slominski*	2023	Trends in Neurosciences		10.1016/j.tins.2023.01.003				["Cancer"]		Journal Article	0	VERIFIED		2026-03-30T12:25:47.390+00:00	2026-03-30T12:25:47.390+00:00
3512	Neuroendocrine Signaling in the Skin with a Special Focus on the Epidermal Neuropeptides	Andrzej T. Slominski, Radomir M.  Slominski, Chander Raman, Jake Y.  Chen, Mohammad Athar, Craig Elmets	2022	American Journal of Physiology-Cell Physiology		10.1152/ajpcell.00147.2022				["Bioinformatics"]		Journal Article	0	VERIFIED		2026-03-30T12:25:47.391+00:00	2026-03-30T12:25:47.391+00:00
3513	WINNER: A network biology tool for biomolecular characterization and prioritization	Thanh Nguyen, Zongliang Yue, Radomir Slominski, Rob Welner, Jay Zhang, Jake Y. Chen*	2022	Frontiers in Big Data		10.3389/fdata.2022.1016606				["Systems Biology"]		Journal Article	0	VERIFIED		2026-03-30T12:25:47.391+00:00	2026-03-30T12:25:47.391+00:00
3514	A Crowdsourcing Approach to Develop Machine Learning Models to Quantify Radiographic Joint Damage in Rheumatoid Arthritis	Dongmei Sun, Thanh M. Nguyen, Robert J. Allaway, Jelai Wang, Verena Chung, Thomas V Yu, Michael Mason, Isaac Dimitrovsky, Lars Ericson, Hongyang Li, Yuanfang Guan, Ariel Israel, Alex Olar, Balint Armin Pataki, RA2 DREAM Challenge Community, Gustavo Stolovitzky, Justin Guinney, Percio S. Gulko, Mason B. Frazier, Jake Y. Chen*, James C. Costello*, and S. Louis Bridges, Jr.*	2022	JAMA Network Open		10.1001/jamanetworkopen.2022.27423				["AI/ML","Systems Biology"]		Journal Article	0	VERIFIED		2026-03-30T12:25:47.392+00:00	2026-03-30T12:25:47.392+00:00
3515	A Novel in vivo Model of Glioblastoma Radiation Resistance Identifies Long Non-coding RNAs and Targetable Kinases	Christian T. Stackhouse, Joshua C. Anderson, Zongliang Yue, Thanh Nguyen, Nicholas J. Eustace, Lara Ianov, Catherine P. Langford, Jelai Wang, James R. Rowland III, Chuan Xing, Fady M. Mikhail, Eddy S. Yang, Anita B. Hjelmeland, C. Ryan Miller, Jake Y. Chen, G. Yancey Gillespie, Christopher D. Willey*	2022	JCI Insight		10.1172/jci.insight.148717				["Bioinformatics","Cancer"]		Journal Article	0	VERIFIED		2026-03-30T12:25:47.392+00:00	2026-03-30T12:25:47.392+00:00
3516	DEMA: a Distance-bounded Energy-field Minimization Algorithm to Model and Layout Bio-molecular Networks with Quantitative Features	Zhenyu Weng, Zongliang Yue, Yuesheng Zhu, and Jake Y. Chen*	2022	Bioinformatics		10.1093/bioinformatics/btac261				["Bioinformatics","Systems Biology","Visualization"]		Journal Article	0	VERIFIED		2026-03-30T12:25:47.393+00:00	2026-03-30T12:25:47.393+00:00
3517	Single Nucleus Transcriptomics: Apical Resection in Newborn Pigs Extends the Time-window of Cardiomyocyte Proliferation and Myocardial Regeneration	Jianyi Zhang*, Yuji Nakada, Yang Zhou, Wuming Gong, Eric Zhang, Erik Skie, Thanh Nguyen, Yuhua Wei, Meng Zhao, Wangping Chen, Jake Y. Chen, Gregory Walcott, Daniel Garry, Jiacheng Sun, and Syed Raza	2022	Circulation		10.1161/CIRCULATIONAHA.121.056995				["Bioinformatics","Multi-omics"]		Journal Article	0	VERIFIED		2026-03-30T12:25:47.393+00:00	2026-03-30T12:25:47.393+00:00
3518	PAGER Web APP: An Interactive, Online Gene Set and Network Interpretation Tool of High-throughput Functional Genomics Results	Zongliang Yue, Radomir Slominski, Samuel Bharti, and Jake Y Chen*	2022	Frontiers in Genetics		10.3389/fgene.2022.820361				["Bioinformatics","Systems Biology","Knowledge Networks","Multi-omics"]		Journal Article	0	VERIFIED		2026-03-30T12:25:47.394+00:00	2026-03-30T12:25:47.394+00:00
3519	Polar Gini Curve: a Quantitative Technique to Discover Gene Expression Spatial Patterns from Single-cell Data	Thanh Nguyen, Jacob Jeevan, Nuo Xu, and Jake Y. Chen*	2022	Genomics, Proteomics & Bioinformatics		10.1016/j.gpb.2020.09.006				["Bioinformatics","Multi-omics"]		Journal Article	0	VERIFIED		2026-03-30T12:25:47.395+00:00	2026-03-30T12:25:47.395+00:00
3520	A Non-redundant Role for T cell-derived IL-22 in Antibacterial Defense of Colonic Crypts	Carlene L. Zindl, Steven J. Witte, Vincent A. Laufer, Min Gao, Zongliang Yue, Karen M. Janowski, Baiyi Cai, Blake F. Frey, Daniel J. Silberger, Stacey N. Harbour, Duy Pham, Henrietta Turner, Fran E. Lund, Bruce A. Vallance, Alexander F. Rosenberg, Trenton R. Schoeb, Jake Y. Chen, Robin T. Hatton and Casey T. Weaver*	2022	Immunity		10.1016/j.immuni.2022.02.003				["Immunology"]		Journal Article	0	VERIFIED		2026-03-30T12:25:47.396+00:00	2026-03-30T12:25:47.396+00:00
3521	Statistical Enrichment Analysis of Samples (SEAS): a General-purpose Tool to Annotate Metadata Neighborhoods of Biological Samples	Thanh Minh Nguyen, Samuel Bharti, Zongliang Yue, Christopher D Willey and Jake Y Chen*	2021	Frontiers in Big Data		10.3389/fdata.2021.725276				["Bioinformatics"]		Journal Article	0	VERIFIED		2026-03-30T12:25:47.396+00:00	2026-03-30T12:25:47.396+00:00
3522	Guest Editorial for Selected Papers From BIOKDD 2019	D. Yan*, S. Thankachan and Jake Y. Chen*	2021	IEEE/ACM Transactions on Computational Biology and Bioinformatics						["Bioinformatics"]		Journal Article	0	VERIFIED		2026-03-30T12:25:47.397+00:00	2026-03-30T12:25:47.397+00:00
3523	Metabolic alterations mediated by STAT3 promotes drug persistence in CML	Sweta B. Patel, Travis Nemkov, Davide Stefanoni, Gloria A. Benavides, Brittany L. Crown, Victoria R. Matkins, Virginia Camacho, Ashley T. Hoang, Danielle E. Tenen, Samuel L. Wolock, Jihye Park, Mahmoud A. Bassal, Li Ying, Zongliang Yue, Jake Y. Chen, Henry Yang, Daniel G. Tenen, Paul Brent Ferrell, Rui Lu, Victor Darley-Usmar, Angelo D’Alessandro, Ravi Bhatia, Robert S. Welner	2021	Leukemia		10.1038/s41375-021-01315-0				["Drug Discovery","Cancer"]		Journal Article	0	VERIFIED		2026-03-30T12:25:47.398+00:00	2026-03-30T12:25:47.398+00:00
3524	Vitamin D and Lumisterol Derivatives Can Act on Liver X Receptors (LXRs)	Andrzej T Slominski, Tae-Kang Kim, Shariq Qayyum, Yuwei Song, Zorica Janjetovic, Allen SW Oak, Radomir M Slominski, Chander Raman, Joanna Stefan, Carlos A Mier-Aguilar, Venkatram Atigadda, David K Crossman, Andriy Golub, Yaroslav Bilokin, Edith K Y Tang, Jake Y. Chen, Robert C Tuckey, Anton M Jetten, Yuhua Song	2021	Scientific Reports		10.1038/s41598-021-90746-x				["Bioinformatics"]		Journal Article	0	VERIFIED		2026-03-30T12:25:47.398+00:00	2026-03-30T12:25:47.398+00:00
3525	Linking Clinotypes to Phenotypes and Genotypes from Laboratory Test Results in Comprehensive Physical Exams	Thanh Nguyen, Tongbin Zhang, Geoffrey Fox, Sisi Zeng, Ni Cao, Chuandi Pan*, and Jake Y. Chen*	2021	BMC Medical Informatics and Decision Making		10.1186/s12911-021-01387-z				["Bioinformatics"]		Journal Article	0	VERIFIED		2026-03-30T12:25:47.399+00:00	2026-03-30T12:25:47.399+00:00
3526	PAGER-CoV: A Comprehensive Collection of Pathways, Annotated-gene-lists, and Gene Signatures for Coronavirus Disease Studies	Zongliang Yue, Eric Zhang, Clark Xu, Sunny Khurana, Nishant Batra, Son Dang, and Jake Y. Chen*	2021	Nucleic Acids Research		10.1093/nar/gkaa1094				["Systems Biology","Knowledge Networks"]		Journal Article	0	VERIFIED		2026-03-30T12:25:47.399+00:00	2026-03-30T12:25:47.399+00:00
3527	Scalable De Novo Genome Assembly Using a Pregel-Like Graph-Parallel System	Guimu Guo, Hongzhi Chen, Da Yan, James Cheng, and Jake Y. Chen	2021	IEEE/ACM Transactions on Computational Biology and Bioinformatics		10.1109/TCBB.2019.2920912				["Bioinformatics","Systems Biology"]		Journal Article	0	VERIFIED		2026-03-30T12:25:47.400+00:00	2026-03-30T12:25:47.400+00:00
3528	Multi-omic Exploration of Inherent and Acquired Radiation Resistance of Glioblastoma Patient-derived Xenografts	C.D. Willey, C.T. Stackhouse, J.R. Rowland, C.P. Langford, J.C. Anderson, L. Ianov, Z. Yue, T. Nguyen, A.B. Hjelmeland, Jake Y. Chen, G.Y. Gillespie	2020	International Journal of Radiation Oncology Biology Physics						["Bioinformatics","Precision Medicine","Cancer","Immunology"]		Journal Article	0	VERIFIED		2026-03-30T12:25:47.400+00:00	2026-03-30T12:25:47.400+00:00
3529	Identifying the Key Regulators that Promote Cell-cycle Activity in the Hearts of Early Neonatal Pigs after Myocardial Injury	Eric Zhang, Thanh Nguyen, Meng Zhao, Son Do Hai Dang, Jake Y. Chen, Weihua Bian, and Gregory P Walcott	2020	PLOS ONE		10.1371/journal.pone.0232963				["Bioinformatics"]		Journal Article	0	VERIFIED		2026-03-30T12:25:47.400+00:00	2026-03-30T12:25:47.400+00:00
3530	Decoding SARS-CoV-2 Hijacking of Host Mitochondria in Pathogenesis of COVID-19	Keshav K Singh, Gyneshwer Chaubey, Jake Y. Chen, and Prashanth Suravajhala	2020	American Journal of Physiology-Cell Physiology		10.1152/ajpcell.00224.2020				["Bioinformatics"]		Journal Article	0	VERIFIED		2026-03-30T12:25:47.401+00:00	2026-03-30T12:25:47.401+00:00
3531	IL-23 promotes a coordinated B-cell germinal center program for class-switch recombination to IgG2b in BXD2 mice	Huixian Hong, Min Gao, Qi Wu, PingAr Yang, Shanrun Liu, Hao Li, Peter D. Burrows, Daniel Cua, Jake Y. Chen, Hui-Chen Hsu, and John D. Mountz	2020	J. Immunology						["Immunology"]		Journal Article	0	VERIFIED		2026-03-30T12:25:47.401+00:00	2026-03-30T12:25:47.401+00:00
3532	Guest Editorial for Selected Papers from BIOKDD 2018 and DMBIH 2018	Da Yan, Xin Gao, Samah J. Fodeh, and Jake Y. Chen*	2020	IEEE/ACM Transactions on Computational Biology and Bioinformatics						["Bioinformatics"]		Journal Article	0	VERIFIED		2026-03-30T12:25:47.402+00:00	2026-03-30T12:25:47.402+00:00
3533	Polyvalent Therapeutic Vaccine for Type 2 Diabetes Mellitus: Immunoinformatics Approach to Study Co-Stimulation of Cytokines and GLUT1 Receptors	Syed A Muhammad, Hiba Ashfaq, Sidra Zafar, Fahad Munir, Muhammad B Jamshed, Jake Y. Chen, and Qiyu Zhang	2020	BMC Molecular and Cell Biology						["Drug Discovery","Immunology"]		Journal Article	0	VERIFIED		2026-03-30T12:25:47.402+00:00	2026-03-30T12:25:47.402+00:00
3534	Association of CMV genomic mutations with symptomatic infection and hearing loss in congenital CMV infection	George Dobbins, Amit Patki, Dongquan Chen, Hemant K. Tiwari, Curtis Hendrickson, William J. Britt, Karen Fowler, Jake Y. Chen, Suresh B Boppana, and Shannon A Ross*	2019	BMC Infectious Disease						["Bioinformatics"]		Journal Article	0	VERIFIED		2026-03-30T12:25:47.403+00:00	2026-03-30T12:25:47.403+00:00
3535	WIPER: Weighted in-Path Edge Ranking for Biomolecular Association Networks	Zongliang Yue, Thanh Nguyen, Eric Zhang, Jianyi Zhang, and Jake Y. Chen*	2019	Quantitative Biology						["Systems Biology"]		Journal Article	0	VERIFIED		2026-03-30T12:25:47.403+00:00	2026-03-30T12:25:47.403+00:00
3536	BEERE: a Web Server for Biomedical Entity Expansion, Ranking, and Explorations	Zongliang Yue, Christopher D Willey, Anita B Hjelmeland, and Jake Y. Chen*	2019	Nucleic Acids Research						["Knowledge Networks"]		Journal Article	0	VERIFIED		2026-03-30T12:25:47.404+00:00	2026-03-30T12:25:47.404+00:00
3537	A GVHD-free Antitumoral Signature Following Allogeneic Donor Lymphocyte Injection Identified by Proteomics and Systems Biology	Xiaowen Liu, Zongliang Yue, Yimou Cao, Lauren Taylor, Qing Zhang, Sung Wong Choi, Samir Hanash, Sawa Ito, Jake Y. Chen, Huanmei Wu, and Sophie Paczesny	2019	JCO Precision Oncology						["Bioinformatics","Systems Biology","Multi-omics","Cancer","Immunology"]		Journal Article	0	VERIFIED		2026-03-30T12:25:47.404+00:00	2026-03-30T12:25:47.404+00:00
3538	Gsslasso Cox: a Bayesian hierarchical model for predicting survival and detecting associated genes by incorporating pathway information	Zaixiang Tang, Shufeng Lei, Xinyan Zhang, Zixuan Yi, Boyi Guo, Jake Y. Chen, Yueping Shen, and Nengjun Yi	2019	BMC Bioinformatics						["Bioinformatics","Systems Biology"]		Journal Article	0	VERIFIED		2026-03-30T12:25:47.405+00:00	2026-03-30T12:25:47.405+00:00
3539	A Systematic Simulation-based Meta-analytical Framework for Prediction of Physiological Biomarkers in Alopecia	Syed Aun Muhammad*, Nighat Fatima, Rehan Zafar Paracha, Amjad Ali, and Jake Y. Chen*	2019	Journal of Biological Research-Thessaloniki						["Precision Medicine"]		Journal Article	0	VERIFIED		2026-03-30T12:25:47.405+00:00	2026-03-30T12:25:47.405+00:00
3540	Multiscale and Multimodal Analysis for Computational Biology	Xin Gao, Jake Y. Chen, and Mohammed J. Zaki	2018	IEEE/ACM Transactions on Computational Biology and Bioinformatics						["Bioinformatics"]		Journal Article	0	VERIFIED		2026-03-30T12:25:47.406+00:00	2026-03-30T12:25:47.406+00:00
3541	“Super Gene Set” Causal Relationship Discovery from Functional Genomics Data	Zongliang Yue, Michael T. Neylon, Thanh Nguyen, Timothy Ratliff, Jake Y. Chen*	2018	ACM/IEEE Transactions on Computational Biology and Bioinformatics						["Bioinformatics","Multi-omics"]		Journal Article	0	VERIFIED		2026-03-30T12:25:47.406+00:00	2026-03-30T12:25:47.406+00:00
3542	Regenerative Potential of Neonatal Porcine Hearts	Wuqiang Zhu, Eric Zhang, Meng Zhao, Zechen Chong, Chengming Fan, Yawen Tang, Jervaughn D. Hunter, Anton V. Borovjagin, Greggory P. Walcott, Jake Y. Chen, Gangjian Qin, Jianyi Zhang	2018	Circulation						["AI/ML"]		Journal Article	0	VERIFIED		2026-03-30T12:25:47.407+00:00	2026-03-30T12:25:47.407+00:00
3543	Simulation Study of cDNA Dataset to Investigate Possible Association of Differentially Expressed Genes of Human THP1-Monocytic Cells in Cancer Progression Affected by Bacterial Shiga Toxins	Syed Aun Muhammad*, Jinlei Guo, Thanh Minh Nguyen, Xiaogang Wu, Baogang Bai, X Frank Yang, Jake Y. Chen*	2018	Frontiers in Microbiology						["Cancer"]		Journal Article	0	VERIFIED		2026-03-30T12:25:47.409+00:00	2026-03-30T12:25:47.409+00:00
3544	PAGER 2.0: An Update to the Pathway, Annotated-list and Gene-set Enrichment Analysis Resource	Zongliang Yue, Qi Zheng, Micheal T Neylon, Minjae Yoo, Jimin Shin, Zhiying Zhao, Aik Choon Tan, and Jake Y. Chen*	2018	Nucleic Acids Research		10.1093/nar/gkx1013				["Systems Biology","Knowledge Networks"]		Journal Article	0	VERIFIED		2026-03-30T12:25:47.409+00:00	2026-03-30T12:25:47.409+00:00
3545	Repositioning Drugs by Targeting Network Modules: A Parkinson’s Disease Case Study	Zongliang Yue, Itika Arora, Eric Zhang, Vincent Laufer, S. Louis Bridges, and Jake Y. Chen*	2017	BMC Bioinformatics						["Drug Discovery","Bioinformatics","Systems Biology","Neurodegenerative Diseases"]		Journal Article	0	VERIFIED		2026-03-30T12:25:47.409+00:00	2026-03-30T12:25:47.409+00:00
3546	Characterization and Analysis of Long Non-Coding RNA (lncRNA) in in vitro- and ex vivo-derived Cardiac Progenitor Cells	Baron Arnone, Jake Y. Chen, and Gangjian Qin	2017	PLOS ONE						["Bioinformatics"]		Journal Article	0	VERIFIED		2026-03-30T12:25:47.410+00:00	2026-03-30T12:25:47.410+00:00
3547	Integrative Approaches to Understanding the Pathogenic Role of Genetic Variation in Rheumatic Diseases	Vincent A. Laufer, Jake Y. Chen, S Louis Bridges Jr	2017	Rheumatic Disease Clinics						["Multi-omics"]		Journal Article	0	VERIFIED		2026-03-30T12:25:47.411+00:00	2026-03-30T12:25:47.411+00:00
3548	HAPPI-2: Constructing a Comprehensive Map of Human Annotated and Predicted Protein Interactions	Jake Y. Chen*, Ragini Pandey, and Thanh Nguyen	2017	BMC Genomics						["Bioinformatics","Multi-omics"]		Journal Article	0	VERIFIED		2026-03-30T12:25:47.411+00:00	2026-03-30T12:25:47.411+00:00
3549	Cellular Signaling Pathways in Insulin Resistance-Systems Biology Analyses of Microarray Dataset Reveals New Drug Target Gene Signatures of Type 2 Diabetes Mellitus	Syed Aun Muhammad*, Waseem Raza, Thanh Nguyen, Baogang Bai, Xiaogang Wu, and Jake Chen*	2017	Frontiers in Physiology						["Drug Discovery","Systems Biology"]		Journal Article	0	VERIFIED		2026-03-30T12:25:47.412+00:00	2026-03-30T12:25:47.412+00:00
3550	A Method for Identifying Discriminative Isoform-Specific Peptides for Clinical Proteomics Application	Fan Zhang and Jake Y. Chen*	2016	BMC Genomics						["Bioinformatics","Multi-omics","Precision Medicine"]		Journal Article	0	VERIFIED		2026-03-30T12:25:47.412+00:00	2026-03-30T12:25:47.412+00:00
3551	Proteomic characterization reveals that MMP-3 correlates with bronchiolitis obliterans syndrome following allogeneic hematopoietic cell and lung transplantation	Xiaowen Liu, Zongliang Yue, Jeffrey Yu, Etienne Daguindau, KushiKushekhar, Qing Zhang, Yuko Ogata, Philip Gafken, Yoshihiro Inamota, Adam Gracon, David Wikes, John Hansen, Stephanie Lee, Jake Y. Chen, and Sophie Paczesny*	2016	American Journal of Transplantation		10.1111/ajt.13891				["Bioinformatics","Multi-omics"]		Journal Article	0	VERIFIED		2026-03-30T12:25:47.413+00:00	2026-03-30T12:25:47.413+00:00
3552	MicroRNA Expression Profiling of Human Respiratory Epithelium Affected by Invasive Candida infection	Syed Aun Muhammad, Nighat Fatima, Nawazish-i-Husain Syed, XiaogangWu, X. Frank Yang, and Jake Y. Chen*	2015	PLOS ONE						["Bioinformatics"]		Journal Article	0	VERIFIED		2026-03-30T12:25:47.413+00:00	2026-03-30T12:25:47.413+00:00
3553	PAGER: Constructing PAGs and new PAG-PAG Relationships for Network Biology	Zongliang Yue, Madhura Kshirsagar, Thanh Nguyen, Chayaporn Suphavilai, Michael Neylon, Liugen Zhu, Timothy Ratliff, and Jake Y. Chen*	2015	ISMB/ECCB Special Issue						["Systems Biology","Knowledge Networks"]		Journal Article	0	VERIFIED		2026-03-30T12:25:47.414+00:00	2026-03-30T12:25:47.414+00:00
3554	DMAP: A next-generation connectivity map database towards drug repositioning applications	Hui Huang, Thanh Nguyen, Sara Ibrahim, and Jake Y. Chen*	2015	MCBIOS ’						["Drug Discovery","Systems Biology","Knowledge Networks"]		Journal Article	0	VERIFIED		2026-03-30T12:25:47.414+00:00	2026-03-30T12:25:47.414+00:00
3555	A Method for Developing Regulatory Gene Set Networks to Characterize Complex Biological Systems	Chayaporn Suphavilai, Liugen Zhu, and Jake Y. Chen*	2015	BMC Genomics						["Bioinformatics","Systems Biology","Multi-omics"]		Journal Article	0	VERIFIED		2026-03-30T12:25:47.415+00:00	2026-03-30T12:25:47.415+00:00
3556	Knowledge Discovery Using Big Data in Biomedical Systems	Sarath Chandra Janga, Dongxiao Zhu, Jake Y. Chen, and Mohammed J. Zaki	2015	IEEE/ACM Transactions on Computational Biology and Bioinformatics						["Bioinformatics"]		Journal Article	0	VERIFIED		2026-03-30T12:25:47.415+00:00	2026-03-30T12:25:47.415+00:00
3557	SLDR: A Computational Technique to Identify Novel Genetic Regulatory Relationship	Zongliang Yue, Ping Wan, Hui Huang, Zhan Xie, and Jake Y. Chen*	2014	BMC Bioinformatics						["Bioinformatics"]		Journal Article	0	VERIFIED		2026-03-30T12:25:47.416+00:00	2026-03-30T12:25:47.416+00:00
3558	Prioritizing Drug Targets in Clostridium botulinum with a Computational Systems Biology Approach	Syed Aun Muhammad, Safia  Ahmed, Amjad Ali, Hui  Huang, Xiaogang  Wu, X. Frank  Yang, Anam  Naz, Jake Y. Chen*	2014	Genomics						["Drug Discovery","Bioinformatics","Systems Biology","Multi-omics"]		Journal Article	0	VERIFIED		2026-03-30T12:25:47.416+00:00	2026-03-30T12:25:47.416+00:00
3559	Pathway and Network Analysis in Proteomics	Xiaogang Wu, Mohammad Al Hasan, and Jake Y. Chen*	2014	Journal of Theoretical Biology						["Bioinformatics","Systems Biology","Multi-omics"]		Journal Article	0	VERIFIED		2026-03-30T12:25:47.416+00:00	2026-03-30T12:25:47.416+00:00
3560	Computational Identification of De-centric Genetic Regulatory Relationships from Functional Genomic Data	Zongliang Yue, Zhan Xie, Ping Wan, and Jake Y. Chen	2014	Lecture Notes in Bioinformatics						["Bioinformatics"]		Journal Article	0	VERIFIED		2026-03-30T12:25:47.417+00:00	2026-03-30T12:25:47.417+00:00
3561	Seed-weighted Random Walk Ranking for Cancer Biomarker Prioritization: a Case Study in Leukemia	Tianxiao Huan, Xiaogang Wu, Zengliang Bai*, and Jake Y. Chen*	2014	International Journal of Data Mining and Bioinformatics						["Bioinformatics","Knowledge Networks","Precision Medicine","Cancer"]		Journal Article	0	VERIFIED		2026-03-30T12:25:47.417+00:00	2026-03-30T12:25:47.417+00:00
3562	Genetic Variation Analysis of Hemagglutinin and Neuraminidase of Human Influenza A (H3N2) Virus in Hong Kong (1997-2006)	Shubo Zhang, Jake Y. Chen, Jianan Rao, Shanghong Zhang, Daniel Wai Tin Chan, Guanghua Liu, Yang Xu, and Miao He	2014	African Journal of Microbiology Research						["Bioinformatics"]		Journal Article	0	VERIFIED		2026-03-30T12:25:47.418+00:00	2026-03-30T12:25:47.418+00:00
3563	Network Medicine: Finding the Links to Personalized Therapy	Jake Y. Chen, Micheline Piquette-Miller, and BP Smith	2013	Clinical Pharmacology & Therapeutics						["Drug Discovery","Systems Biology","Precision Medicine"]		Journal Article	0	VERIFIED		2026-03-30T12:25:47.418+00:00	2026-03-30T12:25:47.418+00:00
3564	A Neural Network Approach to Multi-biomarker Panel Discovery by High-throughput Plasma Proteomics Profiling of Breast Cancer	Fan Zhang, Jake Chen, Mu Wang, and Renee Drabier	2013	BMC Proceedings						["AI/ML","Bioinformatics","Systems Biology","Multi-omics","Precision Medicine","Cancer"]		Journal Article	0	VERIFIED		2026-03-30T12:25:47.420+00:00	2026-03-30T12:25:47.420+00:00
3565	Semantic Web Meets Integrative Biology: A Survey	Huajun Chen*, Tong Yu*, and Jake Y. Chen*	2013	Briefings in Bioinformatics						["Bioinformatics","Knowledge Networks","Multi-omics"]		Journal Article	0	VERIFIED		2026-03-30T12:25:47.420+00:00	2026-03-30T12:25:47.420+00:00
3566	Predicting Adverse Drug Reaction Profiles by Integrating Protein Interaction Networks with Drug Structures	Liang-Chin Huang, Xiaogang Wu, and Jake Y. Chen*	2013	Proteomics						["Drug Discovery","Bioinformatics","Systems Biology","Multi-omics"]		Journal Article	0	VERIFIED		2026-03-30T12:25:47.421+00:00	2026-03-30T12:25:47.421+00:00
3567	Breast Cancer Subtyping from Plasma Proteins	Fan Zhang and Jake Y. Chen*	2013	BMC Medical Genomics						["Bioinformatics","Multi-omics","Cancer"]		Journal Article	0	VERIFIED		2026-03-30T12:25:47.421+00:00	2026-03-30T12:25:47.421+00:00
3568	C2Maps: A Network Pharmacology Database with Comprehensive Disease-Gene-Drug Connectivity Relationships	Hui Huang, Xiaogang Wu, Ragini Pandey, Jiao Li, Guoling Zhao, Sara Ibrahim, Jake Y. Chen*	2012	BMC Genomics						["Drug Discovery","Bioinformatics","Systems Biology","Knowledge Networks","Multi-omics"]		Journal Article	0	VERIFIED		2026-03-30T12:25:47.422+00:00	2026-03-30T12:25:47.422+00:00
3569	PAGED: A Pathway and Gene-set Enrichment Database to Enable Molecular Phenotype Discoveries	Hui Huang, Xiaogang Wu, Madhankumar Sonachalam, Sammed N. Mandape, Ragini Pandey, Karl F. MacDorman, Ping Wan*, Jake Y. Chen*	2012	BMC Bioinformatics						["Bioinformatics","Systems Biology","Knowledge Networks"]		Journal Article	0	VERIFIED		2026-03-30T12:25:47.422+00:00	2026-03-30T12:25:47.422+00:00
3570	Genome-wide Meta-analysis of Genetic Susceptible Genes for Type-2 Diabetes	Paul Hale, Alfredo M. López-Yunez, Jake Y. Chen*	2012	BMC Systems Biology						["Bioinformatics","Systems Biology"]		Journal Article	0	VERIFIED		2026-03-30T12:25:47.423+00:00	2026-03-30T12:25:47.423+00:00
3571	Network Expansion and Pathway Enrichment Analysis towards Biologically Significant Findings from Microarrays	Xiaogang Wu, Hui Huang, Tao Wei, Ragini Pandey, Christoph Reinhard, Shuyu D. Li*, and Jake Y. Chen*	2012	Journal of Integrative Bioinformatics						["Bioinformatics","Systems Biology","Multi-omics"]		Journal Article	0	VERIFIED		2026-03-30T12:25:47.423+00:00	2026-03-30T12:25:47.423+00:00
3572	Towards a Metadata Model for Mass-Spectrometry Based Clinical Proteomics	John Springer, Fan Zhang, Peter Hussey, Charles Buck, Fred Regnier, and Jake Y. Chen*	2012	Current Bioinformatics						["Bioinformatics","Multi-omics","Precision Medicine"]		Journal Article	0	VERIFIED		2026-03-30T12:25:47.424+00:00	2026-03-30T12:25:47.424+00:00
3573	Biological Knowledge and Data Mining: An Editorial	Mohammad Al Hasan, Jun Huan, Jake Chen, and Mohammed J. Zaki	2012	Scientific Programming						["Knowledge Networks"]		Journal Article	0	VERIFIED		2026-03-30T12:25:47.424+00:00	2026-03-30T12:25:47.424+00:00
3574	Predicting Adverse Side Effects of Drugs	Liang-Chin Huang, Xiaogang Wu, and Jake Y. Chen*	2011	BMC Genomics						["Drug Discovery","Bioinformatics","Multi-omics"]		Journal Article	0	VERIFIED		2026-03-30T12:25:47.425+00:00	2026-03-30T12:25:47.425+00:00
3575	Reordering Based Integrative Expression Profiling for Microarray Classification	Xiaogang Wu, Hui Huang, Madhankumar Sonachalam, Sina Reinhard, Jeffrey Shen, Ragini Pandey, and Jake Y. Chen*	2011	BMC Bioinformatics						["Bioinformatics","Multi-omics"]		Journal Article	0	VERIFIED		2026-03-30T12:25:47.425+00:00	2026-03-30T12:25:47.425+00:00
3576	An Integrated Proteomics Analysis of Bone Tissues in Response to Mechanical Stimulation	Jiliang Li, Fan Zhang, and Jake Y. Chen*	2011	BMC Systems Biology						["Bioinformatics","Systems Biology","Multi-omics"]		Journal Article	0	VERIFIED		2026-03-30T12:25:47.426+00:00	2026-03-30T12:25:47.426+00:00
3577	HOMER: A Human Organ-specific Molecular Electronic Repository	Fan Zhang and Jake Y. Chen*	2011	BMC Bioinformatics						["Bioinformatics","Knowledge Networks"]		Journal Article	0	VERIFIED		2026-03-30T12:25:47.427+00:00	2026-03-30T12:25:47.427+00:00
3578	New Threats to Health Data Privacy	Fengjun Li, Xukai Zou, Peng Liu, and Jake Y. Chen*	2011	BMC Bioinformatics						["Bioinformatics"]		Journal Article	0	VERIFIED		2026-03-30T12:25:47.428+00:00	2026-03-30T12:25:47.428+00:00
3579	Systems-scale Analysis Reveals Pathways Involved in Cellular Response to Methamphetamine	Lijie Sun, Hong-Mei Li, Manfredo J. Seufferheld, Kent Walters, Venu Margam, Amber Jannasch, Naomi Diaz, Catherine P. Riley, Weilin Sun, Yueh-Feng Li, William M. Muir, Jun Xie, Jing Wu, Fan Zhang, Jake Y. Chen, Eric L. Barker, Jiri Adamec, & Barry R. Pittendrigh	2011	PLOS ONE						["Systems Biology"]		Journal Article	0	VERIFIED		2026-03-30T12:25:47.429+00:00	2026-03-30T12:25:47.429+00:00
3580	Computational Analysis of Drought-stress Associated miRNAs and miRNA Co-regulation Network in Physcomitrella Patens	Ping Wan, Jun Wu, Yuan Zhou, Junshu Xiao, Jie Feng, Weizhong Zhao, Shen Xiang, Guanglong Jiang, and Jake Y. Chen*	2011	Bioinformatics						["Bioinformatics","Systems Biology"]		Journal Article	0	VERIFIED		2026-03-30T12:25:47.429+00:00	2026-03-30T12:25:47.429+00:00
3581	A new Approach to Construct Pathway Connected Networks and Its Application in Dose Responsive Gene Expression Profiles of Rat Liver Regulated by 2,4DNT	Sudhir Chowbina, Youping Deng, Junmei Ai, Xiaogang Wu, Xin Guan, Mitchell S. Wilbanks, Barbara Lynn Escalon, Sharon A. Meyer, Edward J. Perkins, and Jake Y. Chen*	2010	BMC Genomics						["Bioinformatics","Systems Biology","Multi-omics"]		Journal Article	0	VERIFIED		2026-03-30T12:25:47.430+00:00	2026-03-30T12:25:47.430+00:00
3582	Discovery of Pathway Biomarkers from Coupled Proteomics and Systems Biology Methods	Fan Zhang and Jake Y. Chen*	2010	BMC Genomics						["Bioinformatics","Systems Biology","Multi-omics","Precision Medicine"]		Journal Article	0	VERIFIED		2026-03-30T12:25:47.431+00:00	2026-03-30T12:25:47.431+00:00
3583	PEPPI: A Peptidomic Database of Human Protein Isoforms for Proteomics Experiments	Ao Zhou, Fan Zhang, and Jake Y. Chen*	2010	BMC Bioinformatics						["Bioinformatics","Knowledge Networks","Multi-omics"]		Journal Article	0	VERIFIED		2026-03-30T12:25:47.431+00:00	2026-03-30T12:25:47.431+00:00
3584	Unraveling Human Complexity and Disease with Systems Biology and Personalized Medicine	Steve Naylor and Jake Y. Chen*	2010	Personalized Medicine						["Systems Biology","Precision Medicine"]		Journal Article	0	VERIFIED		2026-03-30T12:25:47.432+00:00	2026-03-30T12:25:47.432+00:00
3585	Systems Biology Visualization Tools for Drug Target Discovery	Tianxiao Huan, Xiaogang Wu, and Jake Y. Chen*	2010	Expert Opinion on Drug Discovery						["Drug Discovery","Systems Biology","Visualization"]		Journal Article	0	VERIFIED		2026-03-30T12:25:47.432+00:00	2026-03-30T12:25:47.432+00:00
3586	Bowman-Birk Inhibitor Affects Pathways Associated with Energy Metabolism in Drosophila melanogaster	Hong-Mei Li, Lijie Sun, Omprakash Mittapalli, William M. Muir, Jun Xie, Jing Wu, Brandon J. Schemerhorn, Amber Jannasch, Jake Y. Chen, Fan Zhang, Jiri Adamec, Larry L. Murdock, and Barry R. Pittendrigh	2010	Insect Molecular Biology						["Drug Discovery","Systems Biology"]		Journal Article	0	VERIFIED		2026-03-30T12:25:47.433+00:00	2026-03-30T12:25:47.433+00:00
3587	Data Mining in Bioinformatics: Selected Papers from BIOKDD 2008	Stefano Lonardi and Jake Y. Chen*	2010	IEEE/ACM Transactions on Computational Biology and Bioinformatics						["Bioinformatics","Knowledge Networks"]		Journal Article	0	VERIFIED		2026-03-30T12:25:47.433+00:00	2026-03-30T12:25:47.433+00:00
3588	A GMM-IG Framework for Selecting Genes as Expression Panel Biomarkers	Mingyi Wang and Jake Y. Chen*	2010	Artificial Intelligence in Medicine						["AI/ML","Precision Medicine"]		Journal Article	0	VERIFIED		2026-03-30T12:25:47.434+00:00	2026-03-30T12:25:47.434+00:00
3589	Discovering Novel Breast Cancer Drug Candidates from Biomedical Literature	Jiao Li, Xiaoyan Zhu, and Jake Y. Chen*	2010	International Journal of Data Mining and Bioinformatics						["Drug Discovery","Bioinformatics","Knowledge Networks","Cancer"]		Journal Article	0	VERIFIED		2026-03-30T12:25:47.434+00:00	2026-03-30T12:25:47.434+00:00
3590	GeneTerrain: Visual Exploration of Differential Gene Expression Profiles Organized in Native Biomolecular Interaction Networks	Qian You, Shiaofen Fang, and Jake Y. Chen*	2010	Information Visualization						["Bioinformatics","Systems Biology","Visualization"]		Journal Article	0	VERIFIED		2026-03-30T12:25:47.435+00:00	2026-03-30T12:25:47.435+00:00
3591	Building Disease-specific Drug-Protein Connectivity Maps from Molecular Interaction Networks and PubMed Abstracts	Jiao Li, Xiaoyan Zhu, and Jake Y. Chen*	2009	PLoS Computational Biology						["Drug Discovery","Systems Biology"]		Journal Article	0	VERIFIED		2026-03-30T12:25:47.435+00:00	2026-03-30T12:25:47.435+00:00
3592	HPD: An Online Integrated Human Pathway Database Enabling Systems Biology Studies	Sudhir R. Chowbina, Xiaogang Wu, Fan Zhang, Peter M. Li, Ragini Pandey, Harini N. Kasamsetty, and Jake Y. Chen*	2009	BMC Bioinformatics						["Bioinformatics","Systems Biology","Knowledge Networks"]		Journal Article	0	VERIFIED		2026-03-30T12:25:47.436+00:00	2026-03-30T12:25:47.436+00:00
3593	HAPPI: an Online Database of Comprehensive Human Annotated and Predicted Protein Interactions	Jake Y. Chen*, SudhaRani Mamidipalli, and Tianxiao Huan	2009	BMC Genomics						["Bioinformatics","Knowledge Networks","Multi-omics"]		Journal Article	0	VERIFIED		2026-03-30T12:25:47.437+00:00	2026-03-30T12:25:47.437+00:00
3594	Finding Fractal Patterns in Molecular Interaction Networks: a Case Study in Alzheimer's Disease	Xiaogang Wu, Tianxiao Huan, Ragini Pandey, Tianshu Zhou, and Jake Y. Chen*	2009	International Journal of Computational Biology and Drug Design						["Drug Discovery","Systems Biology","Neurodegenerative Diseases"]		Journal Article	0	VERIFIED		2026-03-30T12:25:47.438+00:00	2026-03-30T12:25:47.438+00:00
3595	Semantic Graph Mining for Biomedical Network Analysis: an Overview	Huajun Chen, Li Ding, Zhaohui Wu, Tong Yu, Lavanya Dhanapalan, and Jake Y. Chen*	2009	Briefings in Bioinformatics						["Bioinformatics","Systems Biology"]		Journal Article	0	VERIFIED		2026-03-30T12:25:47.438+00:00	2026-03-30T12:25:47.438+00:00
3596	Improved Biomedical Document Retrieval System with PubMed Term Statistics and Expansions	Huian Li and Jake Y. Chen*	2009	International Journal of Computational Intelligence in Bioinformatics and Systems Biology						["Bioinformatics","Systems Biology"]		Journal Article	0	VERIFIED		2026-03-30T12:25:47.439+00:00	2026-03-30T12:25:47.439+00:00
3597	Dissecting the Human Plasma Proteome and Inflammatory Response Biomarkers	Sudipto Saha, Scott H. Harrison, and Jake Y. Chen*	2009	Proteomics						["Bioinformatics","Multi-omics","Precision Medicine"]		Journal Article	0	VERIFIED		2026-03-30T12:25:47.439+00:00	2026-03-30T12:25:47.439+00:00
3598	BIOKDD 2008: A Workshop Report on Data Mining in Bioinformatics	Jake Y. Chen, Mohammed Zaki, and Stefano Lonardi	2008	SIGKDD Explorations						["Bioinformatics","Knowledge Networks"]		Journal Article	0	VERIFIED		2026-03-30T12:25:47.440+00:00	2026-03-30T12:25:47.440+00:00
3599	ProteoLens: a Visual Analytic Tool for Multi-scale Database-driven Biological Network Data Mining	Tianxiao Huan, Andrey Sivachenko, Scott H. Harrison, and Jake Y. Chen*	2008	BMC Bioinformatics						["Bioinformatics","Systems Biology","Knowledge Networks","Visualization"]		Journal Article	0	VERIFIED		2026-03-30T12:25:47.440+00:00	2026-03-30T12:25:47.440+00:00
3600	HIP2: An Online Database of Human Plasma Proteins from Healthy Individuals	Sudipto Saha, Scott H. Harrison, Changyu Shen, Haixu Tang, Predrag Radivojac, Randy J. Arnold, Xiang Zhang, and Jake Y. Chen*	2008	BMC Medical Genomics						["Bioinformatics","Knowledge Networks","Multi-omics"]		Journal Article	0	VERIFIED		2026-03-30T12:25:47.441+00:00	2026-03-30T12:25:47.441+00:00
3601	International Workshop on Data Mining in Bioinformatics (BIOKDD) 2007: Introduction	Stefano Lonardi and Jake Y. Chen*	2008	Journal of Bioinformatics and Computational Biology						["Bioinformatics","Knowledge Networks"]		Journal Article	0	VERIFIED		2026-03-30T12:25:47.443+00:00	2026-03-30T12:25:47.443+00:00
3602	Tumor Necrosis Factor-alpha and Interleukin-1 Induced Cellular Responses:  Coupling Proteomic and Genomic Information	Lee W. Ott, Katheryn A. Resing, Alecia W. Sizemore, Joshua W. Heyen, Ross R. Cocklin, Nathan M. Pedrick, H. Cary Woods, Jake Y. Chen, Mark G. Goebl, Frank A. Witzmann, and Maureen A. Harrington	2007	Journal of Proteome Research						["Bioinformatics","Multi-omics","Cancer"]		Journal Article	0	VERIFIED		2026-03-30T12:25:47.443+00:00	2026-03-30T12:25:47.443+00:00
3603	A Case Study of Integrating Protein Interaction Data using Semantic Web Technology	Lavanya Dhanapalan and Jake Y. Chen*	2007	International Journal of Bioinformatics Research and Applications						["Bioinformatics","Knowledge Networks"]		Journal Article	0	VERIFIED		2026-03-30T12:25:47.444+00:00	2026-03-30T12:25:47.444+00:00
3604	A Systems Biology Approach to The Study of Cisplatin Drug Resistance In Ovarian Cancers	Jake Y. Chen*, Zhong Yan, Changyu Shen, Dawn P. G. Brown, and Mu Wang	2007	Journal of Bioinformatics and Computational Biology						["Drug Discovery","Bioinformatics","Systems Biology","Cancer"]		Journal Article	0	VERIFIED		2026-03-30T12:25:47.445+00:00	2026-03-30T12:25:47.445+00:00
3605	DisProt: The Database of Disordered Proteins	Megan Sickmeier, Justin Hamilton, Tanguy LeGall, Vladimir Vacic, Marc Cortese, Agnes Tantos, Beata Szabo, Peter Tompa, Jake Chen, Vladimir Uversky, Zoran Obradovic, A Keith Dunker	2007	Nucleic Acids Research						["Knowledge Networks"]		Journal Article	0	VERIFIED		2026-03-30T12:25:47.446+00:00	2026-03-30T12:25:47.446+00:00
3606	Ontologies for Bioinformatics I	Tharam S. Dillon, Elizabeth Chang, Amandeep S. Sidhu, and Jake Y. Chen*	2007	International Journal of Bioinformatics Research and Applications						["Bioinformatics"]		Journal Article	0	VERIFIED		2026-03-30T12:25:47.446+00:00	2026-03-30T12:25:47.446+00:00
3607	Disorder and Sequence Repeats in Hub Proteins and Their Implications for Network Evolution	Zsuzsanna Dosztányi, Jake Y. Chen, A. Keith Dunker, István Simon, and Peter Tompa	2006	Journal of Proteome Research		10.1021/pr060171o				["Bioinformatics","Systems Biology","Multi-omics"]		Journal Article	0	VERIFIED		2026-03-30T12:25:47.447+00:00	2026-03-30T12:25:47.447+00:00
3608	A Statistical Framework to Discover True Associations from Multi-protein Complex Pull-down Proteomics Data Sets	Changyu Shen, Lang Li, Jake Y. Chen*	2006	Proteins: Structure, Function, and Bioinformatics						["Bioinformatics","Multi-omics"]		Journal Article	0	VERIFIED		2026-03-30T12:25:47.448+00:00	2026-03-30T12:25:47.448+00:00
3609	Data Mining in Protein Interactomics	Jake Y. Chen* and Andrey Y. Sivachenko	2005	IEEE Magazine in Biology and Medicine						["Bioinformatics","Knowledge Networks","Multi-omics"]		Journal Article	0	VERIFIED		2026-03-30T12:25:47.449+00:00	2026-03-30T12:25:47.449+00:00
3610	Oracle Database 10g: A Platform for BLAST Search and Regular Expression Pattern Matching in Life Sciences	Susie Stephens, Jake Y. Chen, Marcel Davidson, Shiby Thomas, and Barry M. Trute	2005	Nucleic Acids Research						["Bioinformatics","Knowledge Networks"]		Journal Article	0	VERIFIED		2026-03-30T12:25:47.449+00:00	2026-03-30T12:25:47.449+00:00
3611	ODM BLAST: Sequence Homology Search in the RDBMS	Susie Stephens, Jake Y. Chen, and Shiby Thomas	2004	IEEE Data Engineering Bulletin						["Bioinformatics"]		Journal Article	0	VERIFIED		2026-03-30T12:25:47.450+00:00	2026-03-30T12:25:47.450+00:00
3612	Book Review: Digital Code of Life—How Bioinformatics is Revolutionizing Science, Medicine, and Business	Jake Y. Chen*	2004	Briefings in Bioinformatics						["Bioinformatics"]		Journal Article	0	VERIFIED		2026-03-30T12:25:47.451+00:00	2026-03-30T12:25:47.451+00:00
3613	Genomic Data Modeling	Jake Y. Chen* and John Carlis	2003	Information Systems						["Bioinformatics"]		Journal Article	0	VERIFIED		2026-03-30T12:25:47.451+00:00	2026-03-30T12:25:47.451+00:00
3614	Multi-target Parallel Drug Discovery with Multi-agent Orchestration	AI Agent, Fuad Al Abir, Sixue Zhang, and Jake Y. Chen	2025	Proceedings of the 2025 IEEE International Conference on Bioinformatics and Biomedicine (BIBM 2025)						["Drug Discovery","Bioinformatics"]		Conference	0	VERIFIED		2026-03-30T12:25:47.452+00:00	2026-03-30T12:25:47.452+00:00
3615	GeneTerrain Trajectory (GTT): A Novel Approach for Mapping the Dynamics and Regulators of Cell Fate Decisions	Ehsan Saghapour, Delower Hossain, Kevin Song and Jake Y. Chen*	2025	Proceedings of the 2025 IEEE International Conference on Bioinformatics and Biomedicine (BIBM 2025)						["Bioinformatics","Visualization"]		Conference	0	VERIFIED		2026-03-30T12:25:47.452+00:00	2026-03-30T12:25:47.452+00:00
3616	hERG-LTN: A New Paradigm for hERG Cardiotoxicity Prediction Using Neuro-Symbolic and Generative AI	Delower Hossain, Fuad Al Abir, and Jake Y. Chen*	2025	Proceedings of the 2025 IEEE International Conference on Bioinformatics and Biomedicine (BIBM 2025)						["Drug Discovery","AI/ML","Bioinformatics"]		Conference	0	VERIFIED		2026-03-30T12:25:47.453+00:00	2026-03-30T12:25:47.453+00:00
3617	Generating Novel Linker Sequences in Antibody-Drug Conjugates with Diffusion Models	April Cao and Jake Y. Chen*	2025	Proceedings of 23rd International Conference on Artificial Intelligence in Medicine (AIME 2025), Pavia, Italy						["Drug Discovery","AI/ML","Bioinformatics"]		Conference	0	VERIFIED		2026-03-30T12:25:47.453+00:00	2026-03-30T12:25:47.453+00:00
3618	Mondrian Abstraction and Language Model Embeddings for Differential Pathway Analysis	Fuad Al Abir and Jake Y. Chen*	2024	Proceedings of IEEE BIBM 2024, Lisbon, Portugal		10.1109/BIBM62325.2024.10822686				["AI/ML","Systems Biology","Visualization"]		Conference	0	VERIFIED		2026-03-30T12:25:47.454+00:00	2026-03-30T12:25:47.454+00:00
3619	Demo: Interactive Visualization of Semantic Relationships in a Biomedical Project’s Talent Knowledge Graph	Jiawei Xu, Zhandos Sembay, Swathi Thaker, Pamela Payne-Foster, Jake Chen, and Ying Ding	2024	Workshop on AI in HealthCare, Thirty-Eighth Annual Conference on Neural Information Processing Systems (NeurIPS) 2024, Vancouver, Canada				2501.06052		["AI/ML","Systems Biology","Knowledge Networks","Visualization"]		Conference	0	VERIFIED		2026-03-30T12:25:47.454+00:00	2026-03-30T12:25:47.454+00:00
3620	Decoding Patterns of Data Generation Teams for Clinical and Scientific Success Insights from the Bridge2AI Talent Knowledge Graph	Jiawei Xu, Qingnan Xie, Meijun Liu, Zhandos Sembay, Swathi Thaker, Pamela Payne-Foster, Jake Chen, and Ying Ding	2024	Proceedings of the ACM-IEEE Joint Conference on Digital Libraries (JCDL) 2024						["Systems Biology","Knowledge Networks","Precision Medicine"]		Conference	0	VERIFIED		2026-03-30T12:25:47.454+00:00	2026-03-30T12:25:47.454+00:00
3621	Accurate Identification of Human Emotional States from Images Using Deep Learning	Emmy Yang and Jake Y. Chen*	2023	2023 IEEE EMBS International Conference on Biomedical and Health Informatics (BHI), Pittsburgh, PA, USA		10.1109/BHI58575.2023.10313521				["AI/ML"]		Conference	0	VERIFIED		2026-03-30T12:25:47.455+00:00	2026-03-30T12:25:47.455+00:00
3622	Cross-Team Collaboration and Diversity in the Bridge2AI Project	Huimin Xu, Chitrank Gupta, Zhandos Sembay, Swathi Thaker, Pamela Payne-Foster, Jake Chen, and Ying Ding	2023	WWW '23 Companion: Companion Proceedings of the ACM Web Conference 2023, pp 790–794						["Bioinformatics"]		Conference	0	VERIFIED		2026-03-30T12:25:47.455+00:00	2026-03-30T12:25:47.455+00:00
3623	GraphWaGu: GPU Powered Large Scale Graph Layout Computation and Rendering for the Web	Landon Dyken, Pravin Poudel, Will Usher, Steve Petruzza, Jake Y. Chen, and Sidharth Kumar*	2022	Proceedings of Eurographics Symposium on Parallel Graphics and Visualization, pp						["Systems Biology","Visualization"]		Conference	0	VERIFIED		2026-03-30T12:25:47.456+00:00	2026-03-30T12:25:47.456+00:00
3624	Empowering Team Science Across the Translational Spectrum with the UAB Biomedical Research Infrastructure Technology Enhancement (U-BRITE)	James J. Cimino, Wayne H. Liang, Jelai Wang, Dongmei Sun, John D. Osborne, Amy Y. Wang, S. Louis Bridges, Jr., Matt Wyatt, and Jake Y. Chen*	2020	Proceedings of the IEEE 21st International Conference on Information Reuse and Integration for Data Science (IRI), Las Vegas, NV, USA, 2020 pp						["Bioinformatics"]		Conference	0	VERIFIED		2026-03-30T12:25:47.456+00:00	2026-03-30T12:25:47.456+00:00
3625	Towards Constructing “Super Gene Sets” Regulatory Networks	Jake Chen*, Michael Neylon, Zongliang Yue, Thanh Nguyen, Timothy Ratliff	2016	Proceedings of the 2016 International Conference on Bioinformatics & Biomedicine, Shenzhen, China						["Bioinformatics","Systems Biology"]		Conference	0	VERIFIED		2026-03-30T12:25:47.457+00:00	2026-03-30T12:25:47.457+00:00
3626	Predictive and Preventive Models for Diabetes Prevention using Clinical Information in Electronic Health Record	Ni Cao, Sisi Zeng, Feixia Shen, Chuandi Pan, Chengshui Chen, Thanh Nguen, and Jake Chen*	2015	Proceedings of the 2015 International Conference on Bioinformatics & Biomedicine, Washington, DC, pp						["Bioinformatics","Precision Medicine"]		Conference	0	VERIFIED		2026-03-30T12:25:47.457+00:00	2026-03-30T12:25:47.457+00:00
3627	An Integrated Machine Learning and Network Analysis to Discover Marker Clinical Measurement in Lung Cancer	Thanh Nguyen, Junjie Chen, Dongxiang Ji, Xiaoru Sun, Chuandi Pan,* Chengshui Chen*, and Jake Y. Chen*	2015	Proceedings of 2015 International Conference on Genome Medicine, eds						["AI/ML","Bioinformatics","Systems Biology","Precision Medicine","Cancer"]		Conference	0	VERIFIED		2026-03-30T12:25:47.458+00:00	2026-03-30T12:25:47.458+00:00
3628	Constructing Regulatory Gene Set Network to Reveal Novel Insights into Biological Systems	Chayaporn Suphavilai, Liugen Zhu, and Jake Y. Chen*	2014	Proceedings of the IEEE 4th International Conference on Computational Advances in Bio and Medical Sciences, Miami Beach, FL		10.1109/ICCABS.2014.6863927				["Systems Biology"]		Conference	0	VERIFIED		2026-03-30T12:25:47.458+00:00	2026-03-30T12:25:47.458+00:00
3629	An Evaluation for Merging Signaling Pathways by Using Protein-Protein Interaction Data	Xiaogang Wu and Jake Chen*	2012	Proceedings of IEEE International Workshop on Genomic Signal Processing and Statistics, Washington, DC						["Bioinformatics","Systems Biology"]		Conference	0	VERIFIED		2026-03-30T12:25:47.459+00:00	2026-03-30T12:25:47.459+00:00
3630	Multi-Biomarker Panel Selection on a GPU	David Johnson, Brandon Shafer, Jaehwan John Lee, and Jake Chen*	2012	Proceedings of IEEE International Conference on Electro/Information Technology, Indianapolis, IN						["Precision Medicine"]		Conference	0	VERIFIED		2026-03-30T12:25:47.459+00:00	2026-03-30T12:25:47.459+00:00
3631	Network Expansion and Pathway Enrichment Analysis towards Biologically Significant Findings from Microarrays	Xiaogang Wu, Hui Huang, Tao Wei, Ragini Pandey, Christopher Reinhard, Shuyu D. Li, Jake Y. Chen*	2012	Proceedings of the Eighth Annual International Symposium on Integrative Bioinformatics, Hangfzhou, Zhejiang, China						["Bioinformatics","Systems Biology","Multi-omics"]		Conference	0	VERIFIED		2026-03-30T12:25:47.460+00:00	2026-03-30T12:25:47.460+00:00
3632	A Network Biology Approach to Predicting Drug Cardiotoxicity	Liang-Chin Huang and Jake Y. Chen*	2011	Proceedings of the International Conference on Bioinformatics & Biomedicine, Atlanta, GA, pp						["Drug Discovery","Bioinformatics","Systems Biology"]		Conference	0	VERIFIED		2026-03-30T12:25:47.460+00:00	2026-03-30T12:25:47.460+00:00
3633	TAO: Terrain Analytic Operators for Expert-Guided Data Mining Applications	Jason McLaughlin, Qian You, Shiaofen Fang, and Jake Y. Chen*	2011	Workshop on Visual Analytics in Healthcare, Providence, RI						["Knowledge Networks","Visualization"]		Conference	0	VERIFIED		2026-03-30T12:25:47.461+00:00	2026-03-30T12:25:47.461+00:00
3634	Predicting Drug Efficacy Based on the Integrated Breast Cancer Pathway Model	Hui Huang, Xiaogang Wu, Sara Ibrahim, Marianne Mckenzie, Sunil Badve, and Jake Y. Chen*	2011	2011 IEEE International Workshop on Genomic Signal Processing and Statistics, San Antonio, TX						["Drug Discovery","Bioinformatics","Systems Biology","Cancer"]		Conference	0	VERIFIED		2026-03-30T12:25:47.461+00:00	2026-03-30T12:25:47.461+00:00
3635	Network Reordering Based Integrative Expression Profiling for Microarray Classification	Xiaogang Wu and Jake Y. Chen*	2011	2011 Great Lakes Bioinformatics Conference, Athens, OH						["Bioinformatics","Systems Biology","Multi-omics"]		Conference	0	VERIFIED		2026-03-30T12:25:47.462+00:00	2026-03-30T12:25:47.462+00:00
3636	Personal Genome Privacy Protection with Feature-based Hierarchical Dual-stage Encryptions	Xukai Zou*, Peng Liu*, and Jake Y. Chen*	2011	2011 IEEE International Workshop on Genomic Signal Processing and Statistics, San Antonio, TX						["Bioinformatics"]		Conference	0	VERIFIED		2026-03-30T12:25:47.462+00:00	2026-03-30T12:25:47.462+00:00
3637	Novel Protein Isoform Biomarker Identifications from Proteomes	Fan Zhang and Jake Y. Chen*	2010	2nd International Workshop on Data Mining for Biomarker Discovery at the 2010 IEEE International Conference of Bioinformatics and Biomedicine, Hong Kong						["Bioinformatics","Knowledge Networks","Multi-omics","Precision Medicine"]		Conference	0	VERIFIED		2026-03-30T12:25:47.463+00:00	2026-03-30T12:25:47.463+00:00
3638	Evaluate Drug Effects on Gene Expression Profiles with Connectivity Maps	Hui Huang, Xiaogang Wu, Shuyu Li, Sara Ibrahim, Taiwo Ajumobi, and Jake Y. Chen*	2010	2nd International Workshop on Data Mining for Biomarker Discovery at the 2010 IEEE International Conference of Bioinformatics and Biomedicine, Hong Kong						["Drug Discovery","Bioinformatics","Systems Biology","Knowledge Networks","Precision Medicine"]		Conference	0	VERIFIED		2026-03-30T12:25:47.463+00:00	2026-03-30T12:25:47.463+00:00
3639	Proteome-scale Protein Isoform Characterization with High-Performance Computing	Fan Zhang and Jake Y. Chen*	2010	2010 Microsoft eScience Workshop Proceedings, Berkeley, CA						["Bioinformatics","Multi-omics"]		Conference	0	VERIFIED		2026-03-30T12:25:47.464+00:00	2026-03-30T12:25:47.464+00:00
3640	New Privacy Threats in Healthcare Informatics: When Medical Records Join the Web	Fengjun Li, Jake Y. Chen, Xukai Zou, and Peng Liu	2010	Ninth ACM SIGKDD Workshop on Data Mining in Bioinformatics (BioKDD 2010) at the International Conference on Knowledge Discovery and Data Mining, Washington, DC						["Bioinformatics","Knowledge Networks"]		Conference	0	VERIFIED		2026-03-30T12:25:47.464+00:00	2026-03-30T12:25:47.464+00:00
3641	Breast Cancer Plasma Protein Biomarker Discovery by Coupling LC-MS/MS Proteomics and Systems Biology	Fan Zhang, Mu Wang, and Jake Y. Chen*	2010	Proceedings of the ACM International Conference on Bioinformatics and Computational Biology, Niagara Falls, NY						["Bioinformatics","Systems Biology","Multi-omics","Precision Medicine","Cancer"]		Conference	0	VERIFIED		2026-03-30T12:25:47.465+00:00	2026-03-30T12:25:47.465+00:00
3642	Random Walk Ranking Guided by Disease Association Networks for Lung Cancer Biomarker Discovery	Tianxiao Huan, Xiaogang Wu, Zengliang Bai, and Jake Y. Chen*	2010	Proceedings of the International Symposium on Biocomputing, Vol						["Systems Biology","Precision Medicine","Cancer"]		Conference	0	VERIFIED		2026-03-30T12:25:47.465+00:00	2026-03-30T12:25:47.465+00:00
3643	RIC: Ranking with Interaction Chains and its Applications in Computational Clinical Proteomics Studies	Jieun Jeong and Jake Y. Chen*	2009	Proceedings of the International Conference on Bioinformatics & Biomedicine, pp						["Bioinformatics","Multi-omics","Precision Medicine"]		Conference	0	VERIFIED		2026-03-30T12:25:47.466+00:00	2026-03-30T12:25:47.466+00:00
3644	SWRWR: Seed-weighted Random Walks Ranking Method and Its Application to Leukemia Cancer Biomarker Prioritizations	Tianxiao Huan, Xiaogang Wu, Zengliang Bai, and Jake Y. Chen*	2009	IEEE International Conference on Bioinformatics and Biomedicine Workshop 2009, pp						["Bioinformatics","Precision Medicine","Cancer"]		Conference	0	VERIFIED		2026-03-30T12:25:47.467+00:00	2026-03-30T12:25:47.467+00:00
3645	A Neural Network Approach to Multi-biomarker Panel Development Based on LC/MS/MS Proteomics Profiles: A Case Study in Breast Cancer	Fan Zhang and Jake Y. Chen*	2009	Proceedings of the 22nd IEEE Symposium on Computer-Based Medical Systems, pp		10.1109/CBMS.2009.5255456				["AI/ML","Bioinformatics","Systems Biology","Multi-omics","Precision Medicine","Cancer"]		Conference	0	VERIFIED		2026-03-30T12:25:47.468+00:00	2026-03-30T12:25:47.468+00:00
3646	Disease Gene-fishing in Molecular Interaction Networks: a Case Study in Colorectal Cancer	Hui Huang, Jiao Li, and Jake Y. Chen*	2009	Proceedings of the 31st Annual International Conference of the IEEE Engineering in Medicine and Biology Society, pp						["Systems Biology","Cancer"]		Conference	0	VERIFIED		2026-03-30T12:25:47.469+00:00	2026-03-30T12:25:47.469+00:00
3647	Network Topological Reordering Revealing Systemic Patterns in Yeast Protein Interaction Networks	Xiaogang Wu, Ragini Pandey, and Jake Y. Chen*	2009	Proceedings of the 31st Annual International Conference of the IEEE Engineering in Medicine and Biology Society, pp						["Systems Biology"]		Conference	0	VERIFIED		2026-03-30T12:25:47.469+00:00	2026-03-30T12:25:47.469+00:00
3648	Visualizing a Correlative Multi-level Graph of Biology Entity Interactions	Qian You, Shiaofen Fang, Snehasis Mukhopadhyay, Harsha Vaka, and Jake Y. Chen*	2009	Workshop on Intelligent Biomedical Information Systems at the 12th International Conference on Network-Based Information Systems, pp						["Systems Biology","Visualization"]		Conference	0	VERIFIED		2026-03-30T12:25:47.470+00:00	2026-03-30T12:25:47.470+00:00
3649	Toward Ontology-Driven Omics Data Integration in Current Database Management Systems	John Springer and Jake Y. Chen*	2009	Workshop on Intelligent Biomedical Information Systems at the 12th International Conference on Network-Based Information Systems, pp						["Bioinformatics","Systems Biology","Knowledge Networks","Multi-omics"]		Conference	0	VERIFIED		2026-03-30T12:25:47.471+00:00	2026-03-30T12:25:47.471+00:00
3650	Construct Anticancer Drug-Drug Correlation Network	Jiao Li, Pamela Crowell, and Jake Y. Chen*	2009	Proceedings of the 24th Annual ACM Symposium on Applied Computing, Vol						["Drug Discovery","Systems Biology","Cancer"]		Conference	0	VERIFIED		2026-03-30T12:25:47.471+00:00	2026-03-30T12:25:47.471+00:00
3651	Gene Selection using the GMM-IG Framework based Integrative Analysis	Mingyi Wang and Jake Y. Chen*	2008	IEEE Proceedings of the International Conference on Biomedical Engineering and Informatics						["Multi-omics"]		Conference	0	VERIFIED		2026-03-30T12:25:47.472+00:00	2026-03-30T12:25:47.472+00:00
3652	An Integrative Human Pathway Database for Systems Biology Applications	Harini Kasamsetty, Xiaogang Wu, and Jake Y. Chen*	2008	Proceedings of the 2008 IEEE International Conference on Bioinformatics and Biomedicine (BIBM 2008)						["Bioinformatics","Systems Biology","Knowledge Networks","Multi-omics"]		Conference	0	VERIFIED		2026-03-30T12:25:47.472+00:00	2026-03-30T12:25:47.472+00:00
3653	Mining Disease-Specific Molecular Association Profiles from Biomedical Literature: A Case Study	Jiao Li, Xiaoyan Zhu, and Jake Y. Chen*	2008	Proceedings of the 2008 IEEE International Conference on Bioinformatics and Biomedicine (BIBM 2008)						["Bioinformatics"]		Conference	0	VERIFIED		2026-03-30T12:25:47.473+00:00	2026-03-30T12:25:47.473+00:00
3654	A Systems Biology Case Study of Ovarian Cancer Drug Resistance	Jake Y. Chen*, Changyu Shen, Zhong Yan, Dawn P. G. Brown, and Mu Wang	2006	Computational Systems Bioinformatics: CSB						["Drug Discovery","Bioinformatics","Systems Biology","Cancer"]		Conference	0	VERIFIED		2026-03-30T12:25:47.473+00:00	2026-03-30T12:25:47.473+00:00
3655	An Integrated Computational Proteomics Method to Extract Protein Targets for Fanconi Anemia Studies	Jake Y. Chen*, Sarah L. Pinkerton, Changyu Shen, and Mu Wang	2006	Proceedings of the						["Bioinformatics","Multi-omics"]		Conference	0	VERIFIED		2026-03-30T12:25:47.474+00:00	2026-03-30T12:25:47.474+00:00
3656	Mining Alzheimer Disease Relevant Proteins from Integrated Protein Interactome Data	Jake Y. Chen*, Changyu Shen, and Andrey Sivachenko	2006	Pacific Symposium on Biocomputing						["Systems Biology","Neurodegenerative Diseases"]		Conference	0	VERIFIED		2026-03-30T12:25:47.475+00:00	2026-03-30T12:25:47.475+00:00
3657	Discover True Association Rates in Multi-protein Complex Proteomics Data Sets	Changyu Shen, Lang Li, Jake Y. Chen*	2005	Proceedings of the IEEE Computational Systems Biology Bioinformatics Conference						["Bioinformatics","Systems Biology","Multi-omics"]		Conference	0	VERIFIED		2026-03-30T12:25:47.475+00:00	2026-03-30T12:25:47.475+00:00
3658	A Method for Conquering Complex Biological Database Queries	Jake Y. Chen*, John Carlis, and Ning Gao	2005	Proceedings of the						["Knowledge Networks"]		Conference	0	VERIFIED		2026-03-30T12:25:47.476+00:00	2026-03-30T12:25:47.476+00:00
3659	Experience with Processing and Exploration of High-throughput Protein Interaction Data	Jake Y. Chen*	2004	Session on Systems Biology and Bioinformatics						["Bioinformatics","Systems Biology"]		Conference	0	VERIFIED		2026-03-30T12:25:47.476+00:00	2026-03-30T12:25:47.476+00:00
3660	High-throughput Protein Interactome Data: Minable or Not?	Jake Y. Chen*, Andrey Y. Sivachenko, and Lang Li	2004	Fourth ACM SIGKDD Workshop on Data Mining in Bioinformatics (BioKDD 2004), Seattle, WA						["Bioinformatics","Systems Biology","Knowledge Networks"]		Conference	0	VERIFIED		2026-03-30T12:25:47.478+00:00	2026-03-30T12:25:47.478+00:00
3661	Initial Large-scale Exploration of Protein-protein Interactions in the Human Brain	Jake Y. Chen*, Andrey Y. Sivachenko, Russell Bell, Connie Kurschner, Irene Ota, and Sudhir Sahasrabudhe	2003	Proceedings of the IEEE CSB Bioinformatics Conference						["Bioinformatics"]		Conference	0	VERIFIED		2026-03-30T12:25:47.481+00:00	2026-03-30T12:25:47.481+00:00
3662	Similar_Join: Extending DBMS with a Bio-specific Operator	Jake Y. Chen* and John Carlis	2003	Proceedings of the						["Bioinformatics"]		Conference	0	VERIFIED		2026-03-30T12:25:47.482+00:00	2026-03-30T12:25:47.482+00:00
3663	Managing Bioinformatics Challenges in Expression Microarray Sequence Selection Projects	Jake Y. Chen* and John Carlis	2002	Proceedings of the Second Chinese Conference on Bioinformatics						["Bioinformatics"]		Conference	0	VERIFIED		2026-03-30T12:25:47.482+00:00	2026-03-30T12:25:47.482+00:00
3664	A High-density Microarray Case Study of Query Modeling In Bioinformatics	Jake Y. Chen* and John Carlis	2002	Proceedings of the International Conference on Bioinformatics						["Bioinformatics"]		Conference	0	VERIFIED		2026-03-30T12:25:47.483+00:00	2026-03-30T12:25:47.483+00:00
3665	A High-throughput System to Resolve Inconsistent Reading Frame Predictions for Expressed Sequence Tags	Yue Chen*, Libby Shoop, John Carlis, and John Riedl	2001	Proceedings of Workshop on Inconsistency in Data and Knowledge at the International Joint Conference on Artificial Intelligence (IJCAI)						["AI/ML","Bioinformatics"]		Conference	0	VERIFIED		2026-03-30T12:25:47.483+00:00	2026-03-30T12:25:47.483+00:00
3666	Biological Data Mining	Jake Y. Chen and Stefano Lonardi, ed	2009							["Knowledge Networks"]		Book	0	VERIFIED		2026-03-30T12:25:47.484+00:00	2026-03-30T12:25:47.484+00:00
3667	Biological Database Modeling	Jake Y. Chen and Amandeep Sidhu, ed	2007							["Knowledge Networks"]		Book	0	VERIFIED		2026-03-30T12:25:47.485+00:00	2026-03-30T12:25:47.485+00:00
3668	AI in Translational Bioinformatics and Precision Medicine	Jake Y. Chen and Thanh Nguyen	2022	Intelligent Systems In Medicine and Health: The Role of AI						["AI/ML","Bioinformatics","Precision Medicine"]		Book Chapter	0	VERIFIED		2026-03-30T12:25:47.486+00:00	2026-03-30T12:25:47.486+00:00
3669	Network Mining	Zongliang Yue, Da Yan, Guimu Guo, Jake Y. Chen	2021	Modelling Transcriptional Regulation						["Systems Biology"]		Book Chapter	0	VERIFIED		2026-03-30T12:25:47.486+00:00	2026-03-30T12:25:47.486+00:00
3670	Computational Biomarker Discovery	Fan Zhang, Xiaogang Wu, and Jake Y. Chen*	2013	Approaches in Integrative Bioinformatics - Towards Virtual Cell						["Bioinformatics","Multi-omics","Precision Medicine"]		Book Chapter	0	VERIFIED		2026-03-30T12:25:47.487+00:00	2026-03-30T12:25:47.487+00:00
3671	Ethics and Privacy Issues for Systems Biology Application in Predictive and Personalized Medicine	Jake Y. Chen*, Heng Xu*, Pan Shi, Adam Culbertson, and Eric Meslin	2011	Handbook of Research on Computational and Systems Biology: Interdisciplinary Applications						["Systems Biology","Precision Medicine"]		Book Chapter	0	VERIFIED		2026-03-30T12:25:47.488+00:00	2026-03-30T12:25:47.488+00:00
3672	Data Mining Methods in Omics-based Biomarker Discovery	Fan Zhang and Jake Y. Chen*	2011	Bioinformatics for Omics Data: Methods and Protocols						["Bioinformatics","Knowledge Networks","Multi-omics","Precision Medicine"]		Book Chapter	0	VERIFIED		2026-03-30T12:25:47.489+00:00	2026-03-30T12:25:47.489+00:00
3673	ProteoLens: A Database-driven Visual Data Mining Tool for Network Biology	Jake Y. Chen* and Tianxiao Huan	2010	Systems Biology for Signaling Networks						["Systems Biology","Knowledge Networks","Visualization"]		Book Chapter	0	VERIFIED		2026-03-30T12:25:47.490+00:00	2026-03-30T12:25:47.490+00:00
3674	Techniques for Prioritization of Disease Genes	Jieun Jeong and Jake Y. Chen*	2010	Computational Intelligence and Pattern Analysis in Biological Informatics						["Bioinformatics"]		Book Chapter	0	VERIFIED		2026-03-30T12:25:47.491+00:00	2026-03-30T12:25:47.491+00:00
3675	Design of an Online Physician-Mediated Personal Health Record System	Jake Y. Chen*, Shailaja Taduri, and Frank Lloyd	2009	Biomedical Data and Applications						["Bioinformatics"]		Book Chapter	0	VERIFIED		2026-03-30T12:25:47.492+00:00	2026-03-30T12:25:47.492+00:00
3676	Connecting Protein Interaction Data, Mutations and Disease using Bioinformatics	Jake Y. Chen, Eunseog Youn, Sean D Mooney*	2009	Methods in Molecular Biology: Computational Systems Biology						["Bioinformatics","Systems Biology"]		Book Chapter	0	VERIFIED		2026-03-30T12:25:47.493+00:00	2026-03-30T12:25:47.493+00:00
3677	Molecular Interaction Networks: Topological and Functional Characterizations	Xiaogang Wu and Jake Y. Chen*	2009	Automation in Genomics and Proteomics: An Engineering Case-Based Approach						["Bioinformatics","Systems Biology","Multi-omics"]		Book Chapter	0	VERIFIED		2026-03-30T12:25:47.494+00:00	2026-03-30T12:25:47.494+00:00
3678	Basic Concepts	Amandeep Sidhu and Jake Y. Chen*	2007	Biological Database Modeling. Published by Artech House						["Knowledge Networks"]		Book Chapter	0	VERIFIED		2026-03-30T12:25:47.495+00:00	2026-03-30T12:25:47.495+00:00
3679	Data Management in Expression-based Proteomics	Zhong Yan, Jake Y. Chen*, Josh Heyen, Lee W Ott, Cary Woods, Maureen A Harrington, and Mark G Goebl	2007	Biological Database Modeling. Published by Artech House						["Bioinformatics","Knowledge Networks","Multi-omics"]		Book Chapter	0	VERIFIED		2026-03-30T12:25:47.496+00:00	2026-03-30T12:25:47.496+00:00
3680	Protein-Protein Interactions: Concepts, Databases, Software Tools, and Biomedical Implications	SudhaRani Mamidipalli and Jake Y. Chen*	2007	Current Topics in Human Genetics: Studies of Complex Diseases. Published by World Scientific Publishing Co						["Knowledge Networks"]		Book Chapter	0	VERIFIED		2026-03-30T12:25:47.497+00:00	2026-03-30T12:25:47.497+00:00
3681	Guest Editorial for Selected Papers From BIOKDD 2023	Da Yan, Ariful Azad, Jie Hou, Jake Y Chen	2025	IEEE/ACM Transactions on Computational Biology and Bioinformatics						["Bioinformatics"]		Editorial	0	VERIFIED		2026-03-30T12:25:47.498+00:00	2026-03-30T12:25:47.498+00:00
3682	Outbreak Oracles: How AI's Journey through COVID-19 Shapes Future Epidemic Strategy	Dmytro Chumachenko,  Jasleen Kaur, and Jake Y Chen	2025	Frontiers in Artificial Intelligence		10.3389/frai.2025.1636444				["AI/ML"]		Editorial	0	VERIFIED		2026-03-30T12:25:47.499+00:00	2026-03-30T12:25:47.499+00:00
3683	Health Day: Building Health AI Ecosystem: From Data Harmonization to Knowledge Discovery	Jake Y. Chen and Peipei Ping	2024	Proceedings of the 30th ACM SIGKDD Conference on Knowledge Discovery and Data Mining (KDD 2024), Barcelona, Spain		10.1145/3637528.3671686				["AI/ML","Knowledge Networks"]		Editorial	0	VERIFIED		2026-03-30T12:25:47.499+00:00	2026-03-30T12:25:47.499+00:00
3684	Guest Editorial Selected Papers From BIOKDD 2022	Da Yan, C. Pesquita, C. Görg and Jake Y. Chen,	2024	IEEE/ACM Transactions on Computational Biology and Bioinformatics		10.1109/TCBB.2024.3429784				["Bioinformatics"]		Editorial	0	VERIFIED		2026-03-30T12:25:47.500+00:00	2026-03-30T12:25:47.500+00:00
3685	Editorial: Artificial Intelligence for Precision Medicine	Jun Deng, Thomas Hartung, Enrico Capobianco, Jake Y Chen, and Frank Emmert-Streib	2022	Frontiers in Artificial Intelligence		10.3389/frai.2021.834645				["AI/ML","Precision Medicine"]		Editorial	0	VERIFIED		2026-03-30T12:25:47.501+00:00	2026-03-30T12:25:47.501+00:00
3686	Guest Editorial for Selected Papers from BIOKDD 2021	Da Yan, Zhaohui S. Qin, Debswapna Bhattacharya, and Jake Y. Chen	2022	IEEE/ACM Transactions on Computational Biology and Bioinformatics		10.1109/TCBB.2022.3208759				["Bioinformatics"]		Editorial	0	VERIFIED		2026-03-30T12:25:47.501+00:00	2026-03-30T12:25:47.501+00:00
3687	Editorial: AI-Enabled Data Science for COVID-19	Da Yan, Hong Qin, Hsiang-Yun Wu, and Jake Y. Chen	2021	Frontiers in Big Data		10.3389/fdata.2021.802452				["AI/ML"]		Editorial	0	VERIFIED		2026-03-30T12:25:47.502+00:00	2026-03-30T12:25:47.502+00:00
3688	DTMBIO 2016: The Tenth International Workshop on Data and Text Mining in Biomedical Informatics	Sangwoo Kim, Jake Y. Chen, Vincenzo Cutello, Doheon Lee	2016	Proceedings of ACM CIKM 2016						["Bioinformatics"]		Editorial	0	VERIFIED		2026-03-30T12:25:47.503+00:00	2026-03-30T12:25:47.503+00:00
3689	BIOKDD’11: Workshop on Data Mining in Bioinformatics	Mohammad Al Hasan, Luke Huan, Jake Y. Chen, and Mohammed Zaki	2011	Proceedings of the Tenth International Workshop on Data Mining in Bioinformatics						["Bioinformatics","Knowledge Networks"]		Editorial	0	VERIFIED		2026-03-30T12:25:47.504+00:00	2026-03-30T12:25:47.504+00:00
3690	BIOKDD’10: Workshop on Data Mining in Bioinformatics	Luke Huan, Jake Y. Chen, and Mohammed Zaki	2010	Proceedings of the Tenth International Workshop on Data Mining in Bioinformatics						["Bioinformatics","Knowledge Networks"]		Editorial	0	VERIFIED		2026-03-30T12:25:47.505+00:00	2026-03-30T12:25:47.505+00:00
3691	Data Mining for Biomarker Discovery: The Time is Ripe	Vincent S. Tseng, Hui-Huang Hsu, and Jake Y. Chen	2009	IEEE International Conference on Bioinformatics and Biomedicine Workshop						["Bioinformatics","Knowledge Networks","Precision Medicine"]		Editorial	0	VERIFIED		2026-03-30T12:25:47.506+00:00	2026-03-30T12:25:47.506+00:00
3692	Preface	Jake Y. Chen and Stefano Lonardi	2009	Biological Data Mining						["Knowledge Networks"]		Editorial	0	VERIFIED		2026-03-30T12:25:47.507+00:00	2026-03-30T12:25:47.507+00:00
3693	Editorial: 2008 International Workshop on Data Mining in Bioinformatics	Stefano Lonardi, Jake Y. Chen, and Mohammed Zaki	2008	Proceedings of the Eighth International Workshop on Data Mining in Bioinformatics						["Bioinformatics","Knowledge Networks"]		Editorial	0	VERIFIED		2026-03-30T12:25:47.507+00:00	2026-03-30T12:25:47.507+00:00
3694	Preface	Jake Y. Chen and Amandeep Sidhu	2007	Biological Database Modeling						["Knowledge Networks"]		Editorial	0	VERIFIED		2026-03-30T12:25:47.509+00:00	2026-03-30T12:25:47.509+00:00
3695	Editorial: BIOKDD ‘07: Workshop on Data Mining in Bioinformatics	Jake Y. Chen, Stefano Lonardi, and Mohammed Zaki	2007	Proceedings of the Seventh International Workshop on Data Mining in Bioinformatics						["Bioinformatics","Knowledge Networks"]		Editorial	0	VERIFIED		2026-03-30T12:25:47.509+00:00	2026-03-30T12:25:47.509+00:00
3696	Session Editorial: Computer Infrastructure for Systems Biology	Jake Y. Chen and Bradley S. Sherman	2005	Proceedings of the						["Systems Biology"]		Editorial	0	VERIFIED		2026-03-30T12:25:47.509+00:00	2026-03-30T12:25:47.509+00:00
3697	Editorial Message: Special Track on Bioinformatics	Warren T. Jones, Mathew J. Palakal, and Jake Y. Chen	2004	Proceedings of the						["Bioinformatics"]		Editorial	0	VERIFIED		2026-03-30T12:25:47.511+00:00	2026-03-30T12:25:47.511+00:00
